timestamp,cell_id,row,col,green_pixels,total_pixels,coverage_pct,brightness,quality_ok
2026-03-18_17-59-38,1,0,0,1616,23838,6.779,143.5,True
2026-03-18_17-59-38,2,0,1,869,29928,2.904,143.5,True
2026-03-18_17-59-38,3,0,2,0,26970,0.0,143.5,True
2026-03-18_17-59-38,4,0,3,464,26970,1.72,143.5,True
2026-03-18_17-59-38,5,0,4,12,21924,0.055,143.5,True
2026-03-18_17-59-38,6,0,5,860,31494,2.731,143.5,True
2026-03-18_17-59-38,7,1,0,963,18906,5.094,143.5,True
2026-03-18_17-59-38,8,1,1,795,23736,3.349,143.5,True
2026-03-18_17-59-38,9,1,2,947,21390,4.427,143.5,True
2026-03-18_17-59-38,10,1,3,862,21390,4.03,143.5,True
2026-03-18_17-59-38,11,1,4,865,17388,4.975,143.5,True
2026-03-18_17-59-38,12,1,5,788,24978,3.155,143.5,True
2026-03-18_17-59-38,13,2,0,1525,22468,6.787,143.5,True
2026-03-18_17-59-38,14,2,1,812,28208,2.879,143.5,True
2026-03-18_17-59-38,15,2,2,1129,25420,4.441,143.5,True
2026-03-18_17-59-38,16,2,3,1003,25420,3.946,143.5,True
2026-03-18_17-59-38,17,2,4,1054,20664,5.101,143.5,True
2026-03-18_17-59-38,18,2,5,770,29684,2.594,143.5,True
2026-03-18_17-59-38,19,3,0,2429,29866,8.133,143.5,True
2026-03-18_17-59-38,20,3,1,1099,37496,2.931,143.5,True
2026-03-18_17-59-38,21,3,2,1017,33790,3.01,143.5,True
2026-03-18_17-59-38,22,3,3,1196,33790,3.54,143.5,True
2026-03-18_17-59-38,23,3,4,1266,27468,4.609,143.5,True
2026-03-18_17-59-38,24,3,5,1373,39458,3.48,143.5,True
2026-03-18_18-19-23,1,0,0,1566,23838,6.569,143.6,True
2026-03-18_18-19-23,2,0,1,829,29928,2.77,143.6,True
2026-03-18_18-19-23,3,0,2,0,26970,0.0,143.6,True
2026-03-18_18-19-23,4,0,3,462,26970,1.713,143.6,True
2026-03-18_18-19-23,5,0,4,5,21924,0.023,143.6,True
2026-03-18_18-19-23,6,0,5,815,31494,2.588,143.6,True
2026-03-18_18-19-23,7,1,0,881,18906,4.66,143.6,True
2026-03-18_18-19-23,8,1,1,776,23736,3.269,143.6,True
2026-03-18_18-19-23,9,1,2,895,21390,4.184,143.6,True
2026-03-18_18-19-23,10,1,3,748,21390,3.497,143.6,True
2026-03-18_18-19-23,11,1,4,866,17388,4.98,143.6,True
2026-03-18_18-19-23,12,1,5,769,24978,3.079,143.6,True
2026-03-18_18-19-23,13,2,0,1409,22468,6.271,143.6,True
2026-03-18_18-19-23,14,2,1,826,28208,2.928,143.6,True
2026-03-18_18-19-23,15,2,2,1117,25420,4.394,143.6,True
2026-03-18_18-19-23,16,2,3,985,25420,3.875,143.6,True
2026-03-18_18-19-23,17,2,4,1019,20664,4.931,143.6,True
2026-03-18_18-19-23,18,2,5,795,29684,2.678,143.6,True
2026-03-18_18-19-23,19,3,0,2540,29866,8.505,143.6,True
2026-03-18_18-19-23,20,3,1,1045,37496,2.787,143.6,True
2026-03-18_18-19-23,21,3,2,1012,33790,2.995,143.6,True
2026-03-18_18-19-23,22,3,3,1154,33790,3.415,143.6,True
2026-03-18_18-19-23,23,3,4,1238,27468,4.507,143.6,True
2026-03-18_18-19-23,24,3,5,1509,39458,3.824,143.6,True
2026-03-18_19-25-58,1,0,0,1453,23838,6.095,149.4,True
2026-03-18_19-25-58,2,0,1,880,29928,2.94,149.4,True
2026-03-18_19-25-58,3,0,2,0,26970,0.0,149.4,True
2026-03-18_19-25-58,4,0,3,300,26970,1.112,149.4,True
2026-03-18_19-25-58,5,0,4,0,21924,0.0,149.4,True
2026-03-18_19-25-58,6,0,5,917,31494,2.912,149.4,True
2026-03-18_19-25-58,7,1,0,739,18906,3.909,149.4,True
2026-03-18_19-25-58,8,1,1,758,23736,3.193,149.4,True
2026-03-18_19-25-58,9,1,2,875,21390,4.091,149.4,True
2026-03-18_19-25-58,10,1,3,566,21390,2.646,149.4,True
2026-03-18_19-25-58,11,1,4,711,17388,4.089,149.4,True
2026-03-18_19-25-58,12,1,5,743,24978,2.975,149.4,True
2026-03-18_19-25-58,13,2,0,1441,22468,6.414,149.4,True
2026-03-18_19-25-58,14,2,1,704,28208,2.496,149.4,True
2026-03-18_19-25-58,15,2,2,1094,25420,4.304,149.4,True
2026-03-18_19-25-58,16,2,3,854,25420,3.36,149.4,True
2026-03-18_19-25-58,17,2,4,946,20664,4.578,149.4,True
2026-03-18_19-25-58,18,2,5,815,29684,2.746,149.4,True
2026-03-18_19-25-58,19,3,0,2981,29866,9.981,149.4,True
2026-03-18_19-25-58,20,3,1,979,37496,2.611,149.4,True
2026-03-18_19-25-58,21,3,2,849,33790,2.513,149.4,True
2026-03-18_19-25-58,22,3,3,1016,33790,3.007,149.4,True
2026-03-18_19-25-58,23,3,4,1145,27468,4.168,149.4,True
2026-03-18_19-25-58,24,3,5,1219,39458,3.089,149.4,True
2026-03-18_20-19-00,1,0,0,1428,23838,5.99,149.2,True
2026-03-18_20-19-00,2,0,1,845,29928,2.823,149.2,True
2026-03-18_20-19-00,3,0,2,0,26970,0.0,149.2,True
2026-03-18_20-19-00,4,0,3,321,26970,1.19,149.2,True
2026-03-18_20-19-00,5,0,4,17,21924,0.078,149.2,True
2026-03-18_20-19-00,6,0,5,1137,31494,3.61,149.2,True
2026-03-18_20-19-00,7,1,0,944,18906,4.993,149.2,True
2026-03-18_20-19-00,8,1,1,709,23736,2.987,149.2,True
2026-03-18_20-19-00,9,1,2,852,21390,3.983,149.2,True
2026-03-18_20-19-00,10,1,3,539,21390,2.52,149.2,True
2026-03-18_20-19-00,11,1,4,738,17388,4.244,149.2,True
2026-03-18_20-19-00,12,1,5,707,24978,2.83,149.2,True
2026-03-18_20-19-00,13,2,0,1652,22468,7.353,149.2,True
2026-03-18_20-19-00,14,2,1,717,28208,2.542,149.2,True
2026-03-18_20-19-00,15,2,2,1051,25420,4.135,149.2,True
2026-03-18_20-19-00,16,2,3,889,25420,3.497,149.2,True
2026-03-18_20-19-00,17,2,4,1018,20664,4.926,149.2,True
2026-03-18_20-19-00,18,2,5,692,29684,2.331,149.2,True
2026-03-18_20-19-00,19,3,0,2656,29866,8.893,149.2,True
2026-03-18_20-19-00,20,3,1,897,37496,2.392,149.2,True
2026-03-18_20-19-00,21,3,2,772,33790,2.285,149.2,True
2026-03-18_20-19-00,22,3,3,980,33790,2.9,149.2,True
2026-03-18_20-19-00,23,3,4,1157,27468,4.212,149.2,True
2026-03-18_20-19-00,24,3,5,1067,39458,2.704,149.2,True
2026-03-18_21-19-00,1,0,0,0,23838,0.0,37.1,False
2026-03-18_21-19-00,2,0,1,0,29928,0.0,37.1,False
2026-03-18_21-19-00,3,0,2,0,26970,0.0,37.1,False
2026-03-18_21-19-00,4,0,3,0,26970,0.0,37.1,False
2026-03-18_21-19-00,5,0,4,0,21924,0.0,37.1,False
2026-03-18_21-19-00,6,0,5,0,31494,0.0,37.1,False
2026-03-18_21-19-00,7,1,0,0,18906,0.0,37.1,False
2026-03-18_21-19-00,8,1,1,0,23736,0.0,37.1,False
2026-03-18_21-19-00,9,1,2,0,21390,0.0,37.1,False
2026-03-18_21-19-00,10,1,3,0,21390,0.0,37.1,False
2026-03-18_21-19-00,11,1,4,0,17388,0.0,37.1,False
2026-03-18_21-19-00,12,1,5,0,24978,0.0,37.1,False
2026-03-18_21-19-00,13,2,0,0,22468,0.0,37.1,False
2026-03-18_21-19-00,14,2,1,0,28208,0.0,37.1,False
2026-03-18_21-19-00,15,2,2,0,25420,0.0,37.1,False
2026-03-18_21-19-00,16,2,3,0,25420,0.0,37.1,False
2026-03-18_21-19-00,17,2,4,0,20664,0.0,37.1,False
2026-03-18_21-19-00,18,2,5,0,29684,0.0,37.1,False
2026-03-18_21-19-00,19,3,0,0,29866,0.0,37.1,False
2026-03-18_21-19-00,20,3,1,0,37496,0.0,37.1,False
2026-03-18_21-19-00,21,3,2,0,33790,0.0,37.1,False
2026-03-18_21-19-00,22,3,3,0,33790,0.0,37.1,False
2026-03-18_21-19-00,23,3,4,0,27468,0.0,37.1,False
2026-03-18_21-19-00,24,3,5,0,39458,0.0,37.1,False
2026-03-18_22-19-00,1,0,0,0,23838,0.0,34.1,False
2026-03-18_22-19-00,2,0,1,0,29928,0.0,34.1,False
2026-03-18_22-19-00,3,0,2,0,26970,0.0,34.1,False
2026-03-18_22-19-00,4,0,3,0,26970,0.0,34.1,False
2026-03-18_22-19-00,5,0,4,0,21924,0.0,34.1,False
2026-03-18_22-19-00,6,0,5,0,31494,0.0,34.1,False
2026-03-18_22-19-00,7,1,0,0,18906,0.0,34.1,False
2026-03-18_22-19-00,8,1,1,0,23736,0.0,34.1,False
2026-03-18_22-19-00,9,1,2,0,21390,0.0,34.1,False
2026-03-18_22-19-00,10,1,3,0,21390,0.0,34.1,False
2026-03-18_22-19-00,11,1,4,0,17388,0.0,34.1,False
2026-03-18_22-19-00,12,1,5,0,24978,0.0,34.1,False
2026-03-18_22-19-00,13,2,0,0,22468,0.0,34.1,False
2026-03-18_22-19-00,14,2,1,0,28208,0.0,34.1,False
2026-03-18_22-19-00,15,2,2,0,25420,0.0,34.1,False
2026-03-18_22-19-00,16,2,3,0,25420,0.0,34.1,False
2026-03-18_22-19-00,17,2,4,0,20664,0.0,34.1,False
2026-03-18_22-19-00,18,2,5,0,29684,0.0,34.1,False
2026-03-18_22-19-00,19,3,0,0,29866,0.0,34.1,False
2026-03-18_22-19-00,20,3,1,0,37496,0.0,34.1,False
2026-03-18_22-19-00,21,3,2,0,33790,0.0,34.1,False
2026-03-18_22-19-00,22,3,3,0,33790,0.0,34.1,False
2026-03-18_22-19-00,23,3,4,0,27468,0.0,34.1,False
2026-03-18_22-19-00,24,3,5,0,39458,0.0,34.1,False
2026-03-18_23-19-00,1,0,0,0,23838,0.0,35.1,False
2026-03-18_23-19-00,2,0,1,0,29928,0.0,35.1,False
2026-03-18_23-19-00,3,0,2,0,26970,0.0,35.1,False
2026-03-18_23-19-00,4,0,3,0,26970,0.0,35.1,False
2026-03-18_23-19-00,5,0,4,0,21924,0.0,35.1,False
2026-03-18_23-19-00,6,0,5,0,31494,0.0,35.1,False
2026-03-18_23-19-00,7,1,0,0,18906,0.0,35.1,False
2026-03-18_23-19-00,8,1,1,0,23736,0.0,35.1,False
2026-03-18_23-19-00,9,1,2,0,21390,0.0,35.1,False
2026-03-18_23-19-00,10,1,3,0,21390,0.0,35.1,False
2026-03-18_23-19-00,11,1,4,0,17388,0.0,35.1,False
2026-03-18_23-19-00,12,1,5,0,24978,0.0,35.1,False
2026-03-18_23-19-00,13,2,0,0,22468,0.0,35.1,False
2026-03-18_23-19-00,14,2,1,0,28208,0.0,35.1,False
2026-03-18_23-19-00,15,2,2,0,25420,0.0,35.1,False
2026-03-18_23-19-00,16,2,3,0,25420,0.0,35.1,False
2026-03-18_23-19-00,17,2,4,0,20664,0.0,35.1,False
2026-03-18_23-19-00,18,2,5,0,29684,0.0,35.1,False
2026-03-18_23-19-00,19,3,0,0,29866,0.0,35.1,False
2026-03-18_23-19-00,20,3,1,0,37496,0.0,35.1,False
2026-03-18_23-19-00,21,3,2,0,33790,0.0,35.1,False
2026-03-18_23-19-00,22,3,3,0,33790,0.0,35.1,False
2026-03-18_23-19-00,23,3,4,0,27468,0.0,35.1,False
2026-03-18_23-19-00,24,3,5,0,39458,0.0,35.1,False
2026-03-19_00-19-00,1,0,0,0,23838,0.0,35.7,False
2026-03-19_00-19-00,2,0,1,0,29928,0.0,35.7,False
2026-03-19_00-19-00,3,0,2,0,26970,0.0,35.7,False
2026-03-19_00-19-00,4,0,3,0,26970,0.0,35.7,False
2026-03-19_00-19-00,5,0,4,0,21924,0.0,35.7,False
2026-03-19_00-19-00,6,0,5,0,31494,0.0,35.7,False
2026-03-19_00-19-00,7,1,0,0,18906,0.0,35.7,False
2026-03-19_00-19-00,8,1,1,0,23736,0.0,35.7,False
2026-03-19_00-19-00,9,1,2,0,21390,0.0,35.7,False
2026-03-19_00-19-00,10,1,3,0,21390,0.0,35.7,False
2026-03-19_00-19-00,11,1,4,0,17388,0.0,35.7,False
2026-03-19_00-19-00,12,1,5,0,24978,0.0,35.7,False
2026-03-19_00-19-00,13,2,0,0,22468,0.0,35.7,False
2026-03-19_00-19-00,14,2,1,0,28208,0.0,35.7,False
2026-03-19_00-19-00,15,2,2,0,25420,0.0,35.7,False
2026-03-19_00-19-00,16,2,3,0,25420,0.0,35.7,False
2026-03-19_00-19-00,17,2,4,0,20664,0.0,35.7,False
2026-03-19_00-19-00,18,2,5,0,29684,0.0,35.7,False
2026-03-19_00-19-00,19,3,0,0,29866,0.0,35.7,False
2026-03-19_00-19-00,20,3,1,0,37496,0.0,35.7,False
2026-03-19_00-19-00,21,3,2,0,33790,0.0,35.7,False
2026-03-19_00-19-00,22,3,3,0,33790,0.0,35.7,False
2026-03-19_00-19-00,23,3,4,0,27468,0.0,35.7,False
2026-03-19_00-19-00,24,3,5,0,39458,0.0,35.7,False
2026-03-19_01-19-00,1,0,0,0,23838,0.0,35.4,False
2026-03-19_01-19-00,2,0,1,0,29928,0.0,35.4,False
2026-03-19_01-19-00,3,0,2,0,26970,0.0,35.4,False
2026-03-19_01-19-00,4,0,3,0,26970,0.0,35.4,False
2026-03-19_01-19-00,5,0,4,0,21924,0.0,35.4,False
2026-03-19_01-19-00,6,0,5,0,31494,0.0,35.4,False
2026-03-19_01-19-00,7,1,0,0,18906,0.0,35.4,False
2026-03-19_01-19-00,8,1,1,0,23736,0.0,35.4,False
2026-03-19_01-19-00,9,1,2,0,21390,0.0,35.4,False
2026-03-19_01-19-00,10,1,3,0,21390,0.0,35.4,False
2026-03-19_01-19-00,11,1,4,0,17388,0.0,35.4,False
2026-03-19_01-19-00,12,1,5,0,24978,0.0,35.4,False
2026-03-19_01-19-00,13,2,0,0,22468,0.0,35.4,False
2026-03-19_01-19-00,14,2,1,0,28208,0.0,35.4,False
2026-03-19_01-19-00,15,2,2,0,25420,0.0,35.4,False
2026-03-19_01-19-00,16,2,3,0,25420,0.0,35.4,False
2026-03-19_01-19-00,17,2,4,0,20664,0.0,35.4,False
2026-03-19_01-19-00,18,2,5,0,29684,0.0,35.4,False
2026-03-19_01-19-00,19,3,0,0,29866,0.0,35.4,False
2026-03-19_01-19-00,20,3,1,0,37496,0.0,35.4,False
2026-03-19_01-19-00,21,3,2,0,33790,0.0,35.4,False
2026-03-19_01-19-00,22,3,3,0,33790,0.0,35.4,False
2026-03-19_01-19-00,23,3,4,0,27468,0.0,35.4,False
2026-03-19_01-19-00,24,3,5,0,39458,0.0,35.4,False
2026-03-19_02-19-00,1,0,0,0,23838,0.0,34.4,False
2026-03-19_02-19-00,2,0,1,0,29928,0.0,34.4,False
2026-03-19_02-19-00,3,0,2,0,26970,0.0,34.4,False
2026-03-19_02-19-00,4,0,3,0,26970,0.0,34.4,False
2026-03-19_02-19-00,5,0,4,0,21924,0.0,34.4,False
2026-03-19_02-19-00,6,0,5,0,31494,0.0,34.4,False
2026-03-19_02-19-00,7,1,0,0,18906,0.0,34.4,False
2026-03-19_02-19-00,8,1,1,0,23736,0.0,34.4,False
2026-03-19_02-19-00,9,1,2,0,21390,0.0,34.4,False
2026-03-19_02-19-00,10,1,3,0,21390,0.0,34.4,False
2026-03-19_02-19-00,11,1,4,0,17388,0.0,34.4,False
2026-03-19_02-19-00,12,1,5,0,24978,0.0,34.4,False
2026-03-19_02-19-00,13,2,0,0,22468,0.0,34.4,False
2026-03-19_02-19-00,14,2,1,0,28208,0.0,34.4,False
2026-03-19_02-19-00,15,2,2,0,25420,0.0,34.4,False
2026-03-19_02-19-00,16,2,3,0,25420,0.0,34.4,False
2026-03-19_02-19-00,17,2,4,0,20664,0.0,34.4,False
2026-03-19_02-19-00,18,2,5,0,29684,0.0,34.4,False
2026-03-19_02-19-00,19,3,0,0,29866,0.0,34.4,False
2026-03-19_02-19-00,20,3,1,0,37496,0.0,34.4,False
2026-03-19_02-19-00,21,3,2,0,33790,0.0,34.4,False
2026-03-19_02-19-00,22,3,3,0,33790,0.0,34.4,False
2026-03-19_02-19-00,23,3,4,0,27468,0.0,34.4,False
2026-03-19_02-19-00,24,3,5,0,39458,0.0,34.4,False
2026-03-19_03-19-00,1,0,0,0,23838,0.0,33.5,False
2026-03-19_03-19-00,2,0,1,0,29928,0.0,33.5,False
2026-03-19_03-19-00,3,0,2,0,26970,0.0,33.5,False
2026-03-19_03-19-00,4,0,3,0,26970,0.0,33.5,False
2026-03-19_03-19-00,5,0,4,0,21924,0.0,33.5,False
2026-03-19_03-19-00,6,0,5,0,31494,0.0,33.5,False
2026-03-19_03-19-00,7,1,0,0,18906,0.0,33.5,False
2026-03-19_03-19-00,8,1,1,0,23736,0.0,33.5,False
2026-03-19_03-19-00,9,1,2,0,21390,0.0,33.5,False
2026-03-19_03-19-00,10,1,3,0,21390,0.0,33.5,False
2026-03-19_03-19-00,11,1,4,0,17388,0.0,33.5,False
2026-03-19_03-19-00,12,1,5,0,24978,0.0,33.5,False
2026-03-19_03-19-00,13,2,0,0,22468,0.0,33.5,False
2026-03-19_03-19-00,14,2,1,0,28208,0.0,33.5,False
2026-03-19_03-19-00,15,2,2,0,25420,0.0,33.5,False
2026-03-19_03-19-00,16,2,3,0,25420,0.0,33.5,False
2026-03-19_03-19-00,17,2,4,0,20664,0.0,33.5,False
2026-03-19_03-19-00,18,2,5,0,29684,0.0,33.5,False
2026-03-19_03-19-00,19,3,0,0,29866,0.0,33.5,False
2026-03-19_03-19-00,20,3,1,0,37496,0.0,33.5,False
2026-03-19_03-19-00,21,3,2,0,33790,0.0,33.5,False
2026-03-19_03-19-00,22,3,3,0,33790,0.0,33.5,False
2026-03-19_03-19-00,23,3,4,0,27468,0.0,33.5,False
2026-03-19_03-19-00,24,3,5,0,39458,0.0,33.5,False
2026-03-19_04-19-00,1,0,0,0,23838,0.0,32.7,False
2026-03-19_04-19-00,2,0,1,0,29928,0.0,32.7,False
2026-03-19_04-19-00,3,0,2,0,26970,0.0,32.7,False
2026-03-19_04-19-00,4,0,3,0,26970,0.0,32.7,False
2026-03-19_04-19-00,5,0,4,0,21924,0.0,32.7,False
2026-03-19_04-19-00,6,0,5,0,31494,0.0,32.7,False
2026-03-19_04-19-00,7,1,0,0,18906,0.0,32.7,False
2026-03-19_04-19-00,8,1,1,0,23736,0.0,32.7,False
2026-03-19_04-19-00,9,1,2,0,21390,0.0,32.7,False
2026-03-19_04-19-00,10,1,3,0,21390,0.0,32.7,False
2026-03-19_04-19-00,11,1,4,0,17388,0.0,32.7,False
2026-03-19_04-19-00,12,1,5,0,24978,0.0,32.7,False
2026-03-19_04-19-00,13,2,0,0,22468,0.0,32.7,False
2026-03-19_04-19-00,14,2,1,0,28208,0.0,32.7,False
2026-03-19_04-19-00,15,2,2,0,25420,0.0,32.7,False
2026-03-19_04-19-00,16,2,3,0,25420,0.0,32.7,False
2026-03-19_04-19-00,17,2,4,0,20664,0.0,32.7,False
2026-03-19_04-19-00,18,2,5,0,29684,0.0,32.7,False
2026-03-19_04-19-00,19,3,0,0,29866,0.0,32.7,False
2026-03-19_04-19-00,20,3,1,0,37496,0.0,32.7,False
2026-03-19_04-19-00,21,3,2,0,33790,0.0,32.7,False
2026-03-19_04-19-00,22,3,3,0,33790,0.0,32.7,False
2026-03-19_04-19-00,23,3,4,0,27468,0.0,32.7,False
2026-03-19_04-19-00,24,3,5,0,39458,0.0,32.7,False
2026-03-19_05-19-00,1,0,0,0,23838,0.0,33.4,False
2026-03-19_05-19-00,2,0,1,0,29928,0.0,33.4,False
2026-03-19_05-19-00,3,0,2,0,26970,0.0,33.4,False
2026-03-19_05-19-00,4,0,3,0,26970,0.0,33.4,False
2026-03-19_05-19-00,5,0,4,0,21924,0.0,33.4,False
2026-03-19_05-19-00,6,0,5,0,31494,0.0,33.4,False
2026-03-19_05-19-00,7,1,0,0,18906,0.0,33.4,False
2026-03-19_05-19-00,8,1,1,0,23736,0.0,33.4,False
2026-03-19_05-19-00,9,1,2,0,21390,0.0,33.4,False
2026-03-19_05-19-00,10,1,3,0,21390,0.0,33.4,False
2026-03-19_05-19-00,11,1,4,0,17388,0.0,33.4,False
2026-03-19_05-19-00,12,1,5,0,24978,0.0,33.4,False
2026-03-19_05-19-00,13,2,0,0,22468,0.0,33.4,False
2026-03-19_05-19-00,14,2,1,0,28208,0.0,33.4,False
2026-03-19_05-19-00,15,2,2,0,25420,0.0,33.4,False
2026-03-19_05-19-00,16,2,3,0,25420,0.0,33.4,False
2026-03-19_05-19-00,17,2,4,0,20664,0.0,33.4,False
2026-03-19_05-19-00,18,2,5,0,29684,0.0,33.4,False
2026-03-19_05-19-00,19,3,0,0,29866,0.0,33.4,False
2026-03-19_05-19-00,20,3,1,0,37496,0.0,33.4,False
2026-03-19_05-19-00,21,3,2,0,33790,0.0,33.4,False
2026-03-19_05-19-00,22,3,3,0,33790,0.0,33.4,False
2026-03-19_05-19-00,23,3,4,0,27468,0.0,33.4,False
2026-03-19_05-19-00,24,3,5,0,39458,0.0,33.4,False
2026-03-19_06-19-00,1,0,0,0,23838,0.0,32.5,False
2026-03-19_06-19-00,2,0,1,0,29928,0.0,32.5,False
2026-03-19_06-19-00,3,0,2,0,26970,0.0,32.5,False
2026-03-19_06-19-00,4,0,3,0,26970,0.0,32.5,False
2026-03-19_06-19-00,5,0,4,0,21924,0.0,32.5,False
2026-03-19_06-19-00,6,0,5,0,31494,0.0,32.5,False
2026-03-19_06-19-00,7,1,0,0,18906,0.0,32.5,False
2026-03-19_06-19-00,8,1,1,0,23736,0.0,32.5,False
2026-03-19_06-19-00,9,1,2,0,21390,0.0,32.5,False
2026-03-19_06-19-00,10,1,3,0,21390,0.0,32.5,False
2026-03-19_06-19-00,11,1,4,0,17388,0.0,32.5,False
2026-03-19_06-19-00,12,1,5,0,24978,0.0,32.5,False
2026-03-19_06-19-00,13,2,0,0,22468,0.0,32.5,False
2026-03-19_06-19-00,14,2,1,0,28208,0.0,32.5,False
2026-03-19_06-19-00,15,2,2,0,25420,0.0,32.5,False
2026-03-19_06-19-00,16,2,3,0,25420,0.0,32.5,False
2026-03-19_06-19-00,17,2,4,0,20664,0.0,32.5,False
2026-03-19_06-19-00,18,2,5,0,29684,0.0,32.5,False
2026-03-19_06-19-00,19,3,0,0,29866,0.0,32.5,False
2026-03-19_06-19-00,20,3,1,0,37496,0.0,32.5,False
2026-03-19_06-19-00,21,3,2,0,33790,0.0,32.5,False
2026-03-19_06-19-00,22,3,3,0,33790,0.0,32.5,False
2026-03-19_06-19-00,23,3,4,0,27468,0.0,32.5,False
2026-03-19_06-19-00,24,3,5,0,39458,0.0,32.5,False
2026-03-19_07-19-00,1,0,0,0,23838,0.0,33.1,False
2026-03-19_07-19-00,2,0,1,0,29928,0.0,33.1,False
2026-03-19_07-19-00,3,0,2,0,26970,0.0,33.1,False
2026-03-19_07-19-00,4,0,3,0,26970,0.0,33.1,False
2026-03-19_07-19-00,5,0,4,0,21924,0.0,33.1,False
2026-03-19_07-19-00,6,0,5,0,31494,0.0,33.1,False
2026-03-19_07-19-00,7,1,0,0,18906,0.0,33.1,False
2026-03-19_07-19-00,8,1,1,0,23736,0.0,33.1,False
2026-03-19_07-19-00,9,1,2,0,21390,0.0,33.1,False
2026-03-19_07-19-00,10,1,3,0,21390,0.0,33.1,False
2026-03-19_07-19-00,11,1,4,0,17388,0.0,33.1,False
2026-03-19_07-19-00,12,1,5,0,24978,0.0,33.1,False
2026-03-19_07-19-00,13,2,0,0,22468,0.0,33.1,False
2026-03-19_07-19-00,14,2,1,0,28208,0.0,33.1,False
2026-03-19_07-19-00,15,2,2,0,25420,0.0,33.1,False
2026-03-19_07-19-00,16,2,3,0,25420,0.0,33.1,False
2026-03-19_07-19-00,17,2,4,0,20664,0.0,33.1,False
2026-03-19_07-19-00,18,2,5,0,29684,0.0,33.1,False
2026-03-19_07-19-00,19,3,0,0,29866,0.0,33.1,False
2026-03-19_07-19-00,20,3,1,0,37496,0.0,33.1,False
2026-03-19_07-19-00,21,3,2,0,33790,0.0,33.1,False
2026-03-19_07-19-00,22,3,3,0,33790,0.0,33.1,False
2026-03-19_07-19-00,23,3,4,0,27468,0.0,33.1,False
2026-03-19_07-19-00,24,3,5,0,39458,0.0,33.1,False
2026-03-19_08-19-00,1,0,0,1830,23838,7.677,139.3,True
2026-03-19_08-19-00,2,0,1,1043,29928,3.485,139.3,True
2026-03-19_08-19-00,3,0,2,0,26970,0.0,139.3,True
2026-03-19_08-19-00,4,0,3,721,26970,2.673,139.3,True
2026-03-19_08-19-00,5,0,4,84,21924,0.383,139.3,True
2026-03-19_08-19-00,6,0,5,83,31494,0.264,139.3,True
2026-03-19_08-19-00,7,1,0,567,18906,2.999,139.3,True
2026-03-19_08-19-00,8,1,1,824,23736,3.472,139.3,True
2026-03-19_08-19-00,9,1,2,965,21390,4.511,139.3,True
2026-03-19_08-19-00,10,1,3,588,21390,2.749,139.3,True
2026-03-19_08-19-00,11,1,4,502,17388,2.887,139.3,True
2026-03-19_08-19-00,12,1,5,911,24978,3.647,139.3,True
2026-03-19_08-19-00,13,2,0,1691,22468,7.526,139.3,True
2026-03-19_08-19-00,14,2,1,1105,28208,3.917,139.3,True
2026-03-19_08-19-00,15,2,2,1115,25420,4.386,139.3,True
2026-03-19_08-19-00,16,2,3,915,25420,3.6,139.3,True
2026-03-19_08-19-00,17,2,4,1016,20664,4.917,139.3,True
2026-03-19_08-19-00,18,2,5,1073,29684,3.615,139.3,True
2026-03-19_08-19-00,19,3,0,4929,29866,16.504,139.3,True
2026-03-19_08-19-00,20,3,1,1250,37496,3.334,139.3,True
2026-03-19_08-19-00,21,3,2,1368,33790,4.049,139.3,True
2026-03-19_08-19-00,22,3,3,1582,33790,4.682,139.3,True
2026-03-19_08-19-00,23,3,4,1409,27468,5.13,139.3,True
2026-03-19_08-19-00,24,3,5,1745,39458,4.422,139.3,True
2026-03-19_09-19-00,1,0,0,0,23838,0.0,114.7,False
2026-03-19_09-19-00,2,0,1,0,29928,0.0,114.7,False
2026-03-19_09-19-00,3,0,2,0,26970,0.0,114.7,False
2026-03-19_09-19-00,4,0,3,0,26970,0.0,114.7,False
2026-03-19_09-19-00,5,0,4,0,21924,0.0,114.7,False
2026-03-19_09-19-00,6,0,5,0,31494,0.0,114.7,False
2026-03-19_09-19-00,7,1,0,0,18906,0.0,114.7,False
2026-03-19_09-19-00,8,1,1,0,23736,0.0,114.7,False
2026-03-19_09-19-00,9,1,2,0,21390,0.0,114.7,False
2026-03-19_09-19-00,10,1,3,0,21390,0.0,114.7,False
2026-03-19_09-19-00,11,1,4,0,17388,0.0,114.7,False
2026-03-19_09-19-00,12,1,5,0,24978,0.0,114.7,False
2026-03-19_09-19-00,13,2,0,0,22468,0.0,114.7,False
2026-03-19_09-19-00,14,2,1,0,28208,0.0,114.7,False
2026-03-19_09-19-00,15,2,2,0,25420,0.0,114.7,False
2026-03-19_09-19-00,16,2,3,0,25420,0.0,114.7,False
2026-03-19_09-19-00,17,2,4,0,20664,0.0,114.7,False
2026-03-19_09-19-00,18,2,5,0,29684,0.0,114.7,False
2026-03-19_09-19-00,19,3,0,0,29866,0.0,114.7,False
2026-03-19_09-19-00,20,3,1,0,37496,0.0,114.7,False
2026-03-19_09-19-00,21,3,2,0,33790,0.0,114.7,False
2026-03-19_09-19-00,22,3,3,0,33790,0.0,114.7,False
2026-03-19_09-19-00,23,3,4,0,27468,0.0,114.7,False
2026-03-19_09-19-00,24,3,5,0,39458,0.0,114.7,False
2026-03-19_10-19-00,1,0,0,0,23838,0.0,126.7,False
2026-03-19_10-19-00,2,0,1,0,29928,0.0,126.7,False
2026-03-19_10-19-00,3,0,2,0,26970,0.0,126.7,False
2026-03-19_10-19-00,4,0,3,0,26970,0.0,126.7,False
2026-03-19_10-19-00,5,0,4,0,21924,0.0,126.7,False
2026-03-19_10-19-00,6,0,5,0,31494,0.0,126.7,False
2026-03-19_10-19-00,7,1,0,0,18906,0.0,126.7,False
2026-03-19_10-19-00,8,1,1,0,23736,0.0,126.7,False
2026-03-19_10-19-00,9,1,2,0,21390,0.0,126.7,False
2026-03-19_10-19-00,10,1,3,0,21390,0.0,126.7,False
2026-03-19_10-19-00,11,1,4,0,17388,0.0,126.7,False
2026-03-19_10-19-00,12,1,5,0,24978,0.0,126.7,False
2026-03-19_10-19-00,13,2,0,0,22468,0.0,126.7,False
2026-03-19_10-19-00,14,2,1,0,28208,0.0,126.7,False
2026-03-19_10-19-00,15,2,2,0,25420,0.0,126.7,False
2026-03-19_10-19-00,16,2,3,0,25420,0.0,126.7,False
2026-03-19_10-19-00,17,2,4,0,20664,0.0,126.7,False
2026-03-19_10-19-00,18,2,5,0,29684,0.0,126.7,False
2026-03-19_10-19-00,19,3,0,0,29866,0.0,126.7,False
2026-03-19_10-19-00,20,3,1,0,37496,0.0,126.7,False
2026-03-19_10-19-00,21,3,2,0,33790,0.0,126.7,False
2026-03-19_10-19-00,22,3,3,0,33790,0.0,126.7,False
2026-03-19_10-19-00,23,3,4,0,27468,0.0,126.7,False
2026-03-19_10-19-00,24,3,5,0,39458,0.0,126.7,False
